"Txhash","Blockno","UnixTimestamp","DateTime (UTC)","From","To","ContractAddress","Value_IN(ETH)","Value_OUT(ETH)","CurrentValue @ $1617.01401691119/ETH","TxnFee(ETH)","TxnFee(USD)","Historical $Price/ETH","Status","ErrCode","Method"
"0x8a78827cfa91a732405dc1878c20e47ac44366e8225df90eae1fffc55632f830","28862515","1744514377","2025-04-13 03:19:37","0x849151d7d0bf1f34b70d5cad5149d28cc2308bf1","0x0be3ae10ba559eadad46f286ccefa2cffbb5fe0a","","0.001","0","1.61701401691119","0.000001501232964772","0.00242751474668547","","","","Buy"
"0x2f30eaaecfa8f889b5eabeb8f629e8fa27640c4b355344b66fb646cbd8d0ed70","28862719","1744514785","2025-04-13 03:26:25","0x8fdc06076650bd3a85acbe09162f11e97f97eb0c","0x0be3ae10ba559eadad46f286ccefa2cffbb5fe0a","","0","0","0","0.000000531339657283","0.000859183673567399","","","","Approve"
"0x4fba2c80da3c55183c0351a8b00c68fcc53b852036ce12193d8512c8506e4c56","28863458","1744516263","2025-04-13 03:51:03","0xdfe0646b483404c3c391cd37b1c6a50b194ecbbb","0x0be3ae10ba559eadad46f286ccefa2cffbb5fe0a","","0.000001","0","0.00161701401691119","0.000001284189827434","0.00207655295133554","","","","Buy"
"0x2fa962fb4ba21f8851ef8dab89d7491cd809bae7f34d140ac82eb0fc26da63b1","28864131","1744517609","2025-04-13 04:13:29","0x98c729b7f72a97f17adfe85aff32bc699b1e47b7","0x0be3ae10ba559eadad46f286ccefa2cffbb5fe0a","","0.001","0","1.61701401691119","0.000001468745082531","0.00237498138572201","","","","Buy"
"0x739b6b7cb14c98759eeb101fbfff6295968584101194efd872c10e99f79a7523","28864358","1744518063","2025-04-13 04:21:03","0xac980b82b58c2a908f06649f1ef5a46dbf89da41","0x0be3ae10ba559eadad46f286ccefa2cffbb5fe0a","","0","0","0","0.000004948418285675","0.00800166172947612","","","","Approve"
"0x103ce2ba878c442d2b0ba37d9fc5acb70908f140368f46f35e67256d6a1f175f","28864358","1744518063","2025-04-13 04:21:03","0x59905d5d085e0caf031ba883b821ba354e51f95e","0x0be3ae10ba559eadad46f286ccefa2cffbb5fe0a","","0","0","0","0.000004942370197415","0.00799188188598418","","","","Approve"
"0xb97729a57dd90696d09155589f2198fbfc9b24b3ed15f08de7dca26f7e94d3fe","28864375","1744518097","2025-04-13 04:21:37","0x720e7dda08ad3665d32073f24cfa40917d157449","0x0be3ae10ba559eadad46f286ccefa2cffbb5fe0a","","0","0","0","0.000004942517128661","0.00799211947586848","","","","Approve"
"0x77c1faae6b4b0fa405a4d32f3e194d9a44e20661423369a404d55da369d3783c","28864377","1744518101","2025-04-13 04:21:41","0xcf10efdc6ed0ae610bbea989f0b05599fed668a7","0x0be3ae10ba559eadad46f286ccefa2cffbb5fe0a","","0","0","0","0.000000284899634563","0.000460686702501247","","","","Approve"
"0x349ff7412d5bcc822c5263501128cce40bdbb2ef4180e2b8bb33696fabdaedcf","28864388","1744518123","2025-04-13 04:22:03","0x01d0126bbb0c5b612449f5953ce5c7b87fca8b6e","0x0be3ae10ba559eadad46f286ccefa2cffbb5fe0a","","0","0","0","0.000004942348587163","0.00799184694190379","","","","Approve"
"0x0d1d2e614f6e0da991a079c1adc16232c9b0170d199d7554bca1076e0d0314b8","28864399","1744518145","2025-04-13 04:22:25","0x2a00ba2f2e364aa018f9598a717683dcc4d4b53f","0x0be3ae10ba559eadad46f286ccefa2cffbb5fe0a","","0.007","0","11.3190981183783","0.000001081634882431","0.00174901876607101","","","","Buy"
"0xbc6399f0aba1b28cf3dd4f676f2b437c048d1c2ab9160b44ae3f611a96476f71","28864409","1744518165","2025-04-13 04:22:45","0x7b58aa2478b10f38ae2c2c4e518a424b540dc740","0x0be3ae10ba559eadad46f286ccefa2cffbb5fe0a","","0.3","0","485.104205073357","0.000000427635348803","0.000691492353141157","","Error(0)","execution reverted","Buy"
"0xfb0c97f6eda8cd50df09e9a9e017ea91cbc0daa1c466a21de2204e8d8db7e647","28864410","1744518167","2025-04-13 04:22:47","0x44492ed78950a704e0f3453f8876dd5472a849c8","0x0be3ae10ba559eadad46f286ccefa2cffbb5fe0a","","0","0","0","0.000245421005314908","0.396849205638642","","","","Approve"
"0x588e77d861efc701ed08572fa26f91cc8ad88744b0a0aa84f2c2f8b952c19111","28864413","1744518173","2025-04-13 04:22:53","0x7b58aa2478b10f38ae2c2c4e518a424b540dc740","0x0be3ae10ba559eadad46f286ccefa2cffbb5fe0a","","0.3","0","485.104205073357","0.000001620352778626","0.00262013315537924","","","","Buy"
"0xb81f04257f249d1aca3f1ba34935ea16abbfc54540821113637255622d321851","28864424","1744518195","2025-04-13 04:23:15","0xc2978441f46a76c60e0cd59e986498b75a40572d","0x0be3ae10ba559eadad46f286ccefa2cffbb5fe0a","","0.05","0","80.8507008455595","0.000001140008734149","0.00184341010252012","","","","Buy"
"0xc0c3069f9da4e18bccebfe5b20d3ff662c0c4be94086c568057b6bd08be3dc34","28864432","1744518211","2025-04-13 04:23:31","0x5b7a15f1b70f7bacb63779c4cfd543a9e2ba0b0c","0x0be3ae10ba559eadad46f286ccefa2cffbb5fe0a","","0","0","0","0.00000494210083215","0.00799144631857501","","","","Approve"
"0xf1a025d5090d130846a41013a312638025d75eafb67f4c51e8c593761acbb813","28864440","1744518227","2025-04-13 04:23:47","0x5a6b0ba2d94a9b6da4579c23f5b6a9bf8dc00c83","0x0be3ae10ba559eadad46f286ccefa2cffbb5fe0a","","0","0","0","0.000004948197494448","0.00800130470696725","","","","Approve"
"0xafcbfdd1d346c32b002f2d72b551a00e78f0e75c14259a957926bf1f1b1f6c71","28864443","1744518233","2025-04-13 04:23:53","0x1064bc5406bc61951cb62829e71eb966a012799e","0x0be3ae10ba559eadad46f286ccefa2cffbb5fe0a","","0","0","0","0.000004948196267548","0.00800130272305275","","","","Approve"
"0x01d0a24edff0c3605068efdfcfc306795a376acb59de94ce527ae6f8db8d46e7","28864463","1744518273","2025-04-13 04:24:33","0xdbabc6799bf8b8969cd9ab6d799ff3e8d754d0c0","0x0be3ae10ba559eadad46f286ccefa2cffbb5fe0a","","0","0","0","0.000004947935153465","0.00800088049792053","","","","Approve"
"0x11b21fc262e6b6b295ac28be40547554725e8eebbe69702ce666dc41bc582cca","28864464","1744518275","2025-04-13 04:24:35","0xeae465d40c226159a47f3f0ba897bcbf486cab62","0x0be3ae10ba559eadad46f286ccefa2cffbb5fe0a","","0.00031","0","0.501274345242469","0.000001662395475475","0.00268811678549282","","","","Buy"
"0xf424a68f3a237d942c12887f3afd3932604b384ec4323f2b034773edd46b0e2e","28864467","1744518281","2025-04-13 04:24:41","0x65d17f2ccf9c94108e4e0fc90ea5b65bd79ef7c8","0x0be3ae10ba559eadad46f286ccefa2cffbb5fe0a","","0.1","0","161.701401691119","0.000001135562117114","0.00183621986044668","","","","Buy"
"0x475fba29af3b505996eb068e309534baaf68865b0a225ddcb28f26e503f45ab7","28864467","1744518281","2025-04-13 04:24:41","0x5602a75e09f12228ed318930d1c8616d6b06bf78","0x0be3ae10ba559eadad46f286ccefa2cffbb5fe0a","","0.01","0","16.1701401691119","0.000001070516569478","0.00173104029818161","","","","Buy"
"0x9db68c65e3a6806a8919640818ae828166782661c79a01e8cde7b5b2d6786927","28864473","1744518293","2025-04-13 04:24:53","0xcad264cd8de0e10516286ba6b8db931444d95c63","0x0be3ae10ba559eadad46f286ccefa2cffbb5fe0a","","0","0","0","0.000049123439736043","0.0794332906120737","","","","Approve"
"0x4536dc2ac38216f7377ac9b52a8c543dc8f4535ef8f4ca80721c8af8f07232e2","28864476","1744518299","2025-04-13 04:24:59","0x9632c9178ff4f7d74a1e1308cfdd203ab07748d1","0x0be3ae10ba559eadad46f286ccefa2cffbb5fe0a","","0.00008794","0","0.14220021264717","0.000001798896540094","0.00290884092030504","","","","Buy"
"0x5d90fb535ff7f9eca4a698ec156a3663032b500702f6a6f85b5e6be0854749c9","28864480","1744518307","2025-04-13 04:25:07","0x55432b7d79abbf24151e6b1d102c176277a90135","0x0be3ae10ba559eadad46f286ccefa2cffbb5fe0a","","0.045","0","72.7656307610035","0.000006998024690101","0.0113159040145839","","","","Buy"
"0x9eba4eef1da7c9207dbfc9786f146185aaa7a745d1b90e5d1082fd4f769f710c","28864485","1744518317","2025-04-13 04:25:17","0xc93678ec2b974a7ae280341cefeb85984a29fff7","0x0be3ae10ba559eadad46f286ccefa2cffbb5fe0a","","0","0","0","0.000000040640954809","0.0000657169935868072","","","","Approve"
"0xb0f9308640016cf0834a188de162e70e1e9e81fb9b3525c96bc9b95b17011bb1","28864497","1744518341","2025-04-13 04:25:41","0x8766e67d87d83145982845525a0a1afeab199c7d","0x0be3ae10ba559eadad46f286ccefa2cffbb5fe0a","","0","0","0","0.000000089568540546","0.00014483358553716","","","","Approve"
"0x14125bff13d40d1e0dfbad414bea639b3bfa24e1831a90a4edc7f80a4954b104","28864499","1744518345","2025-04-13 04:25:45","0x40b195289b6dc917144fc58b30be7055d682ec55","0x0be3ae10ba559eadad46f286ccefa2cffbb5fe0a","","0.0002605","0","0.421232151405365","0.000001815926526773","0.00293637864747279","","","","Buy"
"0x8c76f7837a5db23c1c0d0c97066335b8f6a7ada692d8d525491e5b9eec307fbe","28864508","1744518363","2025-04-13 04:26:03","0x46308cd982c73ed73f5fa9f8fa7793eea40c46c6","0x0be3ae10ba559eadad46f286ccefa2cffbb5fe0a","","0.000014","0","0.0226381962367567","0.000001635192741201","0.00264412958287345","","","","Buy"
"0xaf216242d7b70a2f00beeaf02540c768b57def887563be36d7410d120304a894","28864514","1744518375","2025-04-13 04:26:15","0x176987a76d999bf117377aaaa6c2e54c44fcf6f7","0x0be3ae10ba559eadad46f286ccefa2cffbb5fe0a","","0.01","0","16.1701401691119","0.000001283271828654","0.00207506853444077","","","","Buy"
"0x6804e6e4c3ecd74ffe73f22dedb89edc6360915d005a28eb847519dceb3aec5a","28864520","1744518387","2025-04-13 04:26:27","0xa977c9ec7b9a445554994410de50c85efb437775","0x0be3ae10ba559eadad46f286ccefa2cffbb5fe0a","","0","0","0","0.000000113535255508","0.000183588099570029","","","","Approve"
"0x4e6dc8d409ca298a4b8d6075053364c8d324a3456579270409c9970b2152ad56","28864529","1744518405","2025-04-13 04:26:45","0x46308cd982c73ed73f5fa9f8fa7793eea40c46c6","0x0be3ae10ba559eadad46f286ccefa2cffbb5fe0a","","0","0","0","0.000000136971003823","0.000221484033092187","","","","Approve"
"0xc0bb14ac43f0089423b4563ce0da7cc38e9fddf51eb54287da4990bead1bd4c4","28864534","1744518415","2025-04-13 04:26:55","0x46308cd982c73ed73f5fa9f8fa7793eea40c46c6","0x0be3ae10ba559eadad46f286ccefa2cffbb5fe0a","","0","0","0","0.000001780797037939","0.00287957377162129","","","","Sell"
"0xd809bab1bc7caeb8217f71e3087c47e998f48b10dd9bc3549b31fe25c0c14888","28864548","1744518443","2025-04-13 04:27:23","0x5602a75e09f12228ed318930d1c8616d6b06bf78","0x0be3ae10ba559eadad46f286ccefa2cffbb5fe0a","","0","0","0","0.000001175961663168","0.00190154649269285","","Error(0)","execution reverted","Sell"
"0x8ae96b5d3d1cc8ad3dac7cc2cea110b4376e6066e4bf5dedadebf465d239e539","28864556","1744518459","2025-04-13 04:27:39","0xeae465d40c226159a47f3f0ba897bcbf486cab62","0x0be3ae10ba559eadad46f286ccefa2cffbb5fe0a","","0","0","0","0.000000136524222705","0.00022076158176189","","","","Approve"
"0x6ad90d55fda866a92b7d90b02d6a9a4808ee38875c9fba5528bb9af3f0a38743","28864560","1744518467","2025-04-13 04:27:47","0xeae465d40c226159a47f3f0ba897bcbf486cab62","0x0be3ae10ba559eadad46f286ccefa2cffbb5fe0a","","0","0","0","0.000001642381113614","0.00265575328182405","","","","Sell"
"0x3e3958b022e603228eec81e1ace9c0400adc5459777d4d22d54d40f8b8cf0438","28864578","1744518503","2025-04-13 04:28:23","0xd911b72796dbefc219e8ac4c5bcb7fb3e70ab495","0x0be3ae10ba559eadad46f286ccefa2cffbb5fe0a","","0","0","0","0.000245418957311088","0.396845893987758","","","","Approve"
"0xc56f6dc458bca0a304bf40c97d1707f327aa19cec8604f5a0775bd6e186a8948","28864582","1744518511","2025-04-13 04:28:31","0x5602a75e09f12228ed318930d1c8616d6b06bf78","0x0be3ae10ba559eadad46f286ccefa2cffbb5fe0a","","0","0","0","0.000001053903618458","0.00170417692352001","","","","Sell"
"0xedd752f6aa6e049747d7095e1212893ec4dbc3d4205e122cad22f9f25ee1441e","28864584","1744518515","2025-04-13 04:28:35","0x465d23c8c88cb0efb204fb2a06c101685819ecad","0x0be3ae10ba559eadad46f286ccefa2cffbb5fe0a","","0","0","0","0.000004946319744105","0.00799826835834236","","","","Approve"
"0x8418a0f4a290fa3d7947228e3420437e39e7d5362dbf207fd03cde2637a8fcb8","28864585","1744518517","2025-04-13 04:28:37","0x55432b7d79abbf24151e6b1d102c176277a90135","0x0be3ae10ba559eadad46f286ccefa2cffbb5fe0a","","0.01","0","16.1701401691119","0.000006845524671994","0.0110693093477257","","","","Buy"
"0x40c71a3fdcc2e3a8c2e774e6355debc8e4e5d9f993da14c86f178379346d7d89","28864593","1744518533","2025-04-13 04:28:53","0x50ef9b703792e7cf1b20dbd53bcc31af65fe6ccd","0x0be3ae10ba559eadad46f286ccefa2cffbb5fe0a","","0","0","0","0.000004946315721396","0.00799826185356552","","","","Approve"
"0x9c891633e7a868164bb0d8049b5cb7588ee87d35674bdbd49536fdfe4df2dfee","28864601","1744518549","2025-04-13 04:29:09","0xc2c0761b7a3bb1b68d424c32fd0746c895ddd979","0x0be3ae10ba559eadad46f286ccefa2cffbb5fe0a","","0","0","0","0.000004946075734492","0.00799787379137787","","","","Approve"
"0x8a2af7b8b00748ffff225a24c8f49b2c3f4847b5706e4ece7a133185d23d87ae","28864613","1744518573","2025-04-13 04:29:33","0x0ff373da09a26f76b5e4805927ccd2b83cf6f69e","0x0be3ae10ba559eadad46f286ccefa2cffbb5fe0a","","0","0","0","0.000004946367056891","0.0079983448637805","","","","Approve"
"0x2605791ea54668c9250f1af409b70a739559e65e1e1b07cafb6d24cf5f0a930b","28864615","1744518577","2025-04-13 04:29:37","0x98c729b7f72a97f17adfe85aff32bc699b1e47b7","0x0be3ae10ba559eadad46f286ccefa2cffbb5fe0a","","0","0","0","0.000001142319977487","0.00184714741539415","","","","Sell"
"0x06a26ff5281ea87091a369068e824c1141cd4a69737c3f55de3f9bfdea48beaf","28864616","1744518579","2025-04-13 04:29:39","0x40b195289b6dc917144fc58b30be7055d682ec55","0x0be3ae10ba559eadad46f286ccefa2cffbb5fe0a","","0","0","0","0.000000136045384303","0.000219987293354021","","","","Approve"
"0x415f4b400951d96e3dd04a427ae1925ca286a752fa9690ca4be553f42769316b","28864617","1744518581","2025-04-13 04:29:41","0xceb8afb94d4ac8b463f3db9a8f3c88fab78a00ee","0x0be3ae10ba559eadad46f286ccefa2cffbb5fe0a","","0.05","0","80.8507008455595","0.000001112625488787","0.00179913101094124","","","","Buy"
"0x049811ac06c51ae4aaf1778a9ff3e3eed30a44076a8875b87aff056eefeeffe3","28864620","1744518587","2025-04-13 04:29:47","0x40b195289b6dc917144fc58b30be7055d682ec55","0x0be3ae10ba559eadad46f286ccefa2cffbb5fe0a","","0","0","0","0.000001635056179095","0.00264390876003387","","","","Sell"
"0x2c881c00c3e040c183072c377ca0fb60f7f8ac8d31e014491729d1ad1c035733","28864660","1744518667","2025-04-13 04:31:07","0xb084b10180620072c5cbe71e90ea93509b116c0c","0x0be3ae10ba559eadad46f286ccefa2cffbb5fe0a","","0.001","0","1.61701401691119","0.000001418411859883","0.00229359185918388","","","","Buy"
"0x03face5d729b1dfe547ed753e056e68e785e0649590922f280b89eab6aee1866","28864694","1744518735","2025-04-13 04:32:15","0x6be56b26339c077d0bc85c1fd99122af25acc741","0x0be3ae10ba559eadad46f286ccefa2cffbb5fe0a","","0.00027","0","0.436593784566021","0.000001789840384163","0.00289419698922528","","","","Buy"
"0x7128127a6da8e3830e93f450cf85f78bacbc62c8e54e9735c92e2d8df024f69c","28864755","1744518857","2025-04-13 04:34:17","0xdef8e8b4e43a6179462896a6bcfa21f4449f5397","0x0be3ae10ba559eadad46f286ccefa2cffbb5fe0a","","0","0","0","0.000004946531751155","0.00799861117671389","","","","Approve"
"0x8bb3c6a29801648e3789f3c2e5a9fc3c2a2c1537768061ec1d963777f7cedeea","28864816","1744518979","2025-04-13 04:36:19","0x1084673985f3e5a0c0e902ad2839e2b77acbb28a","0x0be3ae10ba559eadad46f286ccefa2cffbb5fe0a","","0.00002","0","0.0323402803382238","0.000001059816607562","0.00171373830978302","","","","Buy"
"0xd34e8867403bba7781a18580bd9e5bd8d191c01089ae31c833b692bdaa016c92","28864818","1744518983","2025-04-13 04:36:23","0x268f65e3962cf5a036487a70bd33899edc5cba27","0x0be3ae10ba559eadad46f286ccefa2cffbb5fe0a","","0","0","0","0.000004946810062206","0.00799906120958442","","","","Approve"
"0x1a7efd2d85b37a1363780a7ed052dcd76296b36253d5f1b19f8f253be9cf4bd7","28864855","1744519057","2025-04-13 04:37:37","0x65d17f2ccf9c94108e4e0fc90ea5b65bd79ef7c8","0x0be3ae10ba559eadad46f286ccefa2cffbb5fe0a","","0","0","0","0.0000012160374361","0.00196634957926245","","","","Sell"
"0x20427e5073e6cbfbd388eec5bc7c2a65e230a7595a27dfb3c8ff6b2c1f9ad6db","28864959","1744519265","2025-04-13 04:41:05","0xbfda3a4332f0c8e53a97b27e461970cb47516772","0x0be3ae10ba559eadad46f286ccefa2cffbb5fe0a","","0","0","0","0.0000049400430568","0.0079881188669904","","","","Approve"
"0x00bcb2d80dd62f584417fd92db66659007dd7388677d68444a54f5d17232d8a2","28864959","1744519265","2025-04-13 04:41:05","0x0731c41e69d6682e3d6e6d91a0b0d4ba52c8eba1","0x0be3ae10ba559eadad46f286ccefa2cffbb5fe0a","","0","0","0","0.0000049400430568","0.0079881188669904","","","","Approve"
"0x060570c6e654c7799b9eec79d8a3d8f780929ee783398a0cfc42a510b622e67e","28865008","1744519363","2025-04-13 04:42:43","0x2613515be64341067ea095f27b4ef3f80f12d009","0x0be3ae10ba559eadad46f286ccefa2cffbb5fe0a","","0.00001","0","0.0161701401691119","0.000000461375195368","0.000746050157965195","","","","Buy"
"0x429a617bdf3bf166f5e88aa7c6f36370b08270b5a2f9e120ddf515eda919a596","28865029","1744519405","2025-04-13 04:43:25","0x12b3a42e90c8709e449e76152309078b3dea26a9","0x0be3ae10ba559eadad46f286ccefa2cffbb5fe0a","","0.00009","0","0.145531261522007","0.00000111009400705","0.00179503756948896","","","","Buy"
"0x2e1a3ab61871c8e7c95f72172e0580189b5abdafa06d06eea3a36e30e09f479e","28865087","1744519521","2025-04-13 04:45:21","0xdb6638fcf3709f1e40557b26b4d207231922d639","0x0be3ae10ba559eadad46f286ccefa2cffbb5fe0a","","0","0","0","0.00000494006263915","0.00798815053192484","","","","Approve"
"0xd79a00011304f0e8ce1edb1f93f2b902c670d6b154e0eb8b94b1983eb2cb5dde","28865095","1744519537","2025-04-13 04:45:37","0x2a7920185c49c95ceac62d10c6fa4d70bf37acb7","0x0be3ae10ba559eadad46f286ccefa2cffbb5fe0a","","0.0007125","0","1.15212248704922","0.000001633630061185","0.00264160270738363","","","","Buy"
"0x43ffaf51a3d756703202c5b938ab4cf45d659cd583b6a86a825f84016d26cd9d","28865161","1744519669","2025-04-13 04:47:49","0x2696d0f8a42fb56aebed0afd7713e21ef994fbc8","0x0be3ae10ba559eadad46f286ccefa2cffbb5fe0a","","0.00028","0","0.452763924735133","0.00000163377692092","0.00264184018163365","","","","Buy"
"0x96176e61b4b277b28e5c77619598b01e341c7a7d2fff65d9683405be5dc1f6d7","28865192","1744519731","2025-04-13 04:48:51","0xb715faf9493833aa038aaa2e272f4cf3fc26c556","0x0be3ae10ba559eadad46f286ccefa2cffbb5fe0a","","0","0","0","0.000004945582961206","0.00799707697006725","","","","Approve"
"0x089b1128d65d273c7520acdbb1be66705401a2a7125fdb34591a7e211e3cb7b1","28865210","1744519767","2025-04-13 04:49:27","0x7b58aa2478b10f38ae2c2c4e518a424b540dc740","0x0be3ae10ba559eadad46f286ccefa2cffbb5fe0a","","0","0","0","0.00000219988825548","0.00355725014474947","","","","Sell"
"0x83a180487e087200636e0e56981689960ae84254ba20cebcf232f3f75a58b4db","28865269","1744519885","2025-04-13 04:51:25","0xefbc27dac70b7de2816dec75252274ecfdeb3123","0x0be3ae10ba559eadad46f286ccefa2cffbb5fe0a","","0","0","0","0.000000961073874686","0.00155406992665441","","","","Sell"
"0x5436c28e1f90821a9b6d5a4b0148d260701806ff1cf27761e6311198f7074ba7","28865277","1744519901","2025-04-13 04:51:41","0x4f0421ebd64791b8cb2ba4b8811d6afe01b379c0","0x0be3ae10ba559eadad46f286ccefa2cffbb5fe0a","","0.0002","0","0.323402803382238","0.000001052879164013","0.00170252036632276","","","","Buy"
"0x1074b799309c9f6997f11d381a17aecf282a00dc014a3e1da22b7ac8daaec1ac","28865484","1744520315","2025-04-13 04:58:35","0x656f955042498688dda08f45e840f075388fda3b","0x0be3ae10ba559eadad46f286ccefa2cffbb5fe0a","","0","0","0","0.000004947749480515","0.00800058026215781","","","","Approve"
"0xcc720f1b99cb491d7ff05330bb6de723285b1e3dc06e496bf8195d15c54809bd","28865496","1744520339","2025-04-13 04:58:59","0x2c85ce6eccbc40c592b823dfd63c750d1cbf9bff","0x0be3ae10ba559eadad46f286ccefa2cffbb5fe0a","","0","0","0","0.000004947602199868","0.0080003421072872","","","","Approve"
"0xb965b785473a200e25361ad89a7b2578f24c380821f51bed30c61d1835d8e20b","28865515","1744520377","2025-04-13 04:59:37","0x836e207396ba357c4788650172f6f81b4624c276","0x0be3ae10ba559eadad46f286ccefa2cffbb5fe0a","","0","0","0","0.000004947719408197","0.00800053163479809","","","","Approve"
"0x05c6d042e1df67442562566fc1e373145285b74df1e5109150aeea8db347d9b2","28865515","1744520377","2025-04-13 04:59:37","0x1da1d723869bf01b8beb6ba2ac1c433c951cae31","0x0be3ae10ba559eadad46f286ccefa2cffbb5fe0a","","0","0","0","0.000004947719408197","0.00800053163479809","","","","Approve"
"0x47ec3fa164676459b1ff2d7d51cd8ed3b9e03f429887b905d06033747c8fc5b3","28865515","1744520377","2025-04-13 04:59:37","0xc4342ef360fe96030e5a65d588d203af4e1232bb","0x0be3ae10ba559eadad46f286ccefa2cffbb5fe0a","","0","0","0","0.000004947719408197","0.00800053163479809","","","","Approve"
"0x01929d95c0188ff5ccbe105a86294aa810a3ca1f7f410246adae178945ee085d","28865515","1744520377","2025-04-13 04:59:37","0xfd3d04ba34fc21f817d04d47ecac37ace1190e34","0x0be3ae10ba559eadad46f286ccefa2cffbb5fe0a","","0","0","0","0.000004947719408197","0.00800053163479809","","","","Approve"
"0x3ddbf1e0f4da9fd6c605f49f11bbaaceee3d9a04f3e325ae7aa3a2c58a7283b6","28865515","1744520377","2025-04-13 04:59:37","0x62bf402e020f08aea52ff199971b2aba0a29afcc","0x0be3ae10ba559eadad46f286ccefa2cffbb5fe0a","","0","0","0","0.000004947719408197","0.00800053163479809","","","","Approve"
"0x0040af5f87b05e8157bacf79313bc2493e9048ce3909c7f6d406b23e32a5694b","28865515","1744520377","2025-04-13 04:59:37","0xeb55d5da41de69dca4daf260cf091a76d4ce088f","0x0be3ae10ba559eadad46f286ccefa2cffbb5fe0a","","0","0","0","0.000004941672368317","0.00799075348655131","","","","Approve"
"0x13bec89b46ea4d6bdd9c2f429b2f97c4695da0e5def4259b7dcd3e6cf7b08766","28865521","1744520389","2025-04-13 04:59:49","0x70351a37f03feea124cb30aa500c76a8d3491f10","0x0be3ae10ba559eadad46f286ccefa2cffbb5fe0a","","0","0","0","0.000001068932458921","0.0017284787692066","","","","Approve"
"0x64aad71d1bbfbc2b70454d64090b2bc63dc88086cce4e02aecee2ad7076914db","28865522","1744520391","2025-04-13 04:59:51","0x5f68dfd9d45c0828e01c6b3dad966bee7ff234dd","0x0be3ae10ba559eadad46f286ccefa2cffbb5fe0a","","0","0","0","0.000001068932458921","0.0017284787692066","","","","Approve"
"0x85cf8435cf2eb4ddc33cab8b6fdf4472039a22d58f5a5e51e6496f1314b9e664","28865534","1744520415","2025-04-13 05:00:15","0x4b42d1e98e89f7fa28ab3f47b30a9ce0c11b66c8","0x0be3ae10ba559eadad46f286ccefa2cffbb5fe0a","","0","0","0","0.00000008930687447","0.000144410467824518","","","","Approve"
"0x0629b8ed4c6e1352960f02402e993f7baba8775ff6a53b3ba925fdcc39c3477d","28865588","1744520523","2025-04-13 05:02:03","0x0694121eb9e89e9ba92418baa891514348bbaf7e","0x0be3ae10ba559eadad46f286ccefa2cffbb5fe0a","","0.000367","0","0.593444144206407","0.000001640645674606","0.00265294705262262","","","","Buy"
"0x798d0b4e27c106d3d5307a3c25e682c8e41e89723bbe5e4231cfde0ef6afe4ef","28865623","1744520593","2025-04-13 05:03:13","0xe978bdbc3347feb6ed10c9845bbdc298604f80ca","0x0be3ae10ba559eadad46f286ccefa2cffbb5fe0a","","0","0","0","0.000000038331502576","0.0000619825769546594","","","","Approve"
"0x2cb7460a62c7ec4f29c6d30a35f13fa90cdb2178542aa17293d665d547acb287","28865626","1744520599","2025-04-13 05:03:19","0x1aed1815c83ff12047adcdc420b4daaa9ab0f26f","0x0be3ae10ba559eadad46f286ccefa2cffbb5fe0a","","0","0","0","0.000000038347950389","0.0000620091732988279","","","","Approve"
"0xe79f90fa69eb9ca15dffaa2b214704259c1ed6631f3cb15db0800912d2c39528","28865641","1744520629","2025-04-13 05:03:49","0x91632282e25d4163914d891cc5deddababc9f1c8","0x0be3ae10ba559eadad46f286ccefa2cffbb5fe0a","","0","0","0","0.000000038150392924","0.0000616897201087775","","","","Approve"
"0xb4ff05ef8486f520960cc807b0584b3e4dfb50b936736f24f09bb7096e8d1de1","28865650","1744520647","2025-04-13 05:04:07","0x24e94497a6a9def3789756ba100ca50a94c62c50","0x0be3ae10ba559eadad46f286ccefa2cffbb5fe0a","","0","0","0","0.000004945603851594","0.00799711075011747","","","","Approve"
"0xa136d1bf76eff4f89daf163682a3a50b6379c6822ab74ac9e1293d3e1ef3fe5f","28865657","1744520661","2025-04-13 05:04:21","0xf06379ec7d560df01546177e2296d79a33cc2c35","0x0be3ae10ba559eadad46f286ccefa2cffbb5fe0a","","0","0","0","0.000000176859131197","0.000285983694164284","","","","Approve"
"0xd6048cb6338c5eaa210b6c34f8e62ff2de1a361d619c8c5c1811391531d75e0b","28865657","1744520661","2025-04-13 05:04:21","0x016920447fdf8f27e2174b7595807a28cb5cc49d","0x0be3ae10ba559eadad46f286ccefa2cffbb5fe0a","","0","0","0","0.000000176859131197","0.000285983694164284","","","","Approve"
"0x1cd4c4276c49cb7fff76a2b9407e3f3fee09b46c94757b12425dc0d82351d557","28865657","1744520661","2025-04-13 05:04:21","0xce4b410cc0ecf3b2294be026d60bc5190337782e","0x0be3ae10ba559eadad46f286ccefa2cffbb5fe0a","","0","0","0","0.000000176859131197","0.000285983694164284","","","","Approve"
"0xcecb22f0b05f61877a07c23d02d01bac16eaa4334d702cced6a046040f798729","28865657","1744520661","2025-04-13 05:04:21","0x043584d698a72353996a07f4781aabb7986acb84","0x0be3ae10ba559eadad46f286ccefa2cffbb5fe0a","","0","0","0","0.000000176811134869","0.000285906083429148","","","","Approve"
"0xf29cda47f200c88eb333fbf03b60fedeb043042119f4da6db02540c324dfafcd","28865658","1744520663","2025-04-13 05:04:23","0x8a6b24a9976eb8fc26a7db54bd611db548091221","0x0be3ae10ba559eadad46f286ccefa2cffbb5fe0a","","0","0","0","0.000000176811134869","0.000285906083429148","","","","Approve"
"0x271457192cbf230410025c6d40a7984f26a0bcccd9d9e9f07475a644f4a19b21","28865661","1744520669","2025-04-13 05:04:29","0x6a4991780602f222f3bebcbcc4ebad75a6b8f7f1","0x0be3ae10ba559eadad46f286ccefa2cffbb5fe0a","","0","0","0","0.000004945516190593","0.00799696900105011","","","","Approve"
"0x05ab1b6a82c01fcbaeaeb8719fb55900a26aa07dd6b3d7e0ab7aaafc84743a05","28865955","1744521257","2025-04-13 05:14:17","0xe22e38830b6d46a38d944ae3955cb3112b11033b","0x0be3ae10ba559eadad46f286ccefa2cffbb5fe0a","","0.000611","0","0.987995564332737","0.000001678018453301","0.00271337935962335","","","","Buy"
"0x668210ffa756cdd27c1479a3926bf79155246fe7fdfcb5917d8dfcff450162a5","28865968","1744521283","2025-04-13 05:14:43","0x9f80d7a1e6d76f3ccbfac4e4c2badaafb5c75f9f","0x0be3ae10ba559eadad46f286ccefa2cffbb5fe0a","","0","0","0","0.000004949682861903","0.00800370656696225","","","","Approve"
"0x19aed152c6c769478bcd7d9d824539cdf08cc1793b85957174f4af20c8a4b4f6","28865970","1744521287","2025-04-13 05:14:47","0x2a6d24b4ddd9321826f5cd6d8f8dd677350e666c","0x0be3ae10ba559eadad46f286ccefa2cffbb5fe0a","","0","0","0","0.000000041912484051","0.0000677730741940337","","","","Approve"
"0x73bc5b92ea6170ddf9e138882ee903a25e4484979130c10f03e377ec1397b9da","28865974","1744521295","2025-04-13 05:14:55","0x2a6d24b4ddd9321826f5cd6d8f8dd677350e666c","0x0be3ae10ba559eadad46f286ccefa2cffbb5fe0a","","0","0","0","0.000000541465440624","0.000875557207162002","","","","Sell"
"0x2f53962e39d0375c53513e27d822b278fd68d2ad016a736626c00d187f79e2bb","28865975","1744521297","2025-04-13 05:14:57","0xaebd5fcfe9894d3cc67829c8088d5e999a9fe99c","0x0be3ae10ba559eadad46f286ccefa2cffbb5fe0a","","0","0","0","0.000004949975160008","0.00800417921709515","","","","Approve"
"0xf4648fb35bd72d14c901b4b31177922d5599201dfbc906fb0f29b463ddf1fdc1","28866028","1744521403","2025-04-13 05:16:43","0x0694121eb9e89e9ba92418baa891514348bbaf7e","0x0be3ae10ba559eadad46f286ccefa2cffbb5fe0a","","0","0","0","0.000000139606417015","0.000225745533164004","","","","Approve"
"0x15fdfcd3673666444ab345b2bddc050c806b4f232d03de1f0dbc747eab259995","28866029","1744521405","2025-04-13 05:16:45","0xde0c703db7a47e14c4b4103c404675b8b5c1a135","0x0be3ae10ba559eadad46f286ccefa2cffbb5fe0a","","0.00074","0","1.19659037251428","0.000001677502244725","0.00271254464312031","","","","Buy"
"0xfca05cdc69dca016e207de9297545b981f1def685a837caa91738e3f74401a0f","28866062","1744521471","2025-04-13 05:17:51","0xcefd274f00365d16769468eaf8b49d0dfe2612c3","0x0be3ae10ba559eadad46f286ccefa2cffbb5fe0a","","0.00017","0","0.274892382874902","0.00000167610299662","0.00271028203932139","","","","Buy"
"0x9e9ad32e6d6b3987a2b4016e6e2ae3572e8d92d049c2d94243860a8130fd1ecf","28866089","1744521525","2025-04-13 05:18:45","0xc2978441f46a76c60e0cd59e986498b75a40572d","0x0be3ae10ba559eadad46f286ccefa2cffbb5fe0a","","0","0","0","0.000001130761069912","0.0018284564998252","","","","Sell"
"0x58418503f81ee5b56e930f49731f9ab629838303d5ac8fc192b09ca9452a8100","28866124","1744521595","2025-04-13 05:19:55","0xde0c703db7a47e14c4b4103c404675b8b5c1a135","0x0be3ae10ba559eadad46f286ccefa2cffbb5fe0a","","0","0","0","0.000000139353343291","0.000225336309404984","","","","Approve"
"0x3b1c87c85a96d714da87b7db3853e4d56062e2e0b4248adbf66099c190f7ad40","28866127","1744521601","2025-04-13 05:20:01","0xde0c703db7a47e14c4b4103c404675b8b5c1a135","0x0be3ae10ba559eadad46f286ccefa2cffbb5fe0a","","0","0","0","0.000001878542389784","0.00303762937564257","","","","Sell"
"0xc20decd6b32a0ebb659106b94c6ce6e8946b2f56768902707cf224fe94cf7057","28866154","1744521655","2025-04-13 05:20:55","0x0694121eb9e89e9ba92418baa891514348bbaf7e","0x0be3ae10ba559eadad46f286ccefa2cffbb5fe0a","","0","0","0","0.000001662141401463","0.00268770594425408","","","","Sell"
"0x906c255f33ada45333b3e141cfd214f41acee646408daa6716b690803a881d12","28866229","1744521805","2025-04-13 05:23:25","0x3c20f2f71f984f28ab72a3850263c1bb480bfdeb","0x0be3ae10ba559eadad46f286ccefa2cffbb5fe0a","","0","0","0","0.000000135713604354","0.000219450800525958","","","","Approve"
"0xa42758d82cf45ebdbd18882e86b1e2bedbf46ef95be90029d6cc05e4bbcafb6a","28866239","1744521825","2025-04-13 05:23:45","0x6e696daab8eeb2550436603ed4b0b1efca6f9d8b","0x0be3ae10ba559eadad46f286ccefa2cffbb5fe0a","","0","0","0","0.000000090982071757","0.000147119285318689","","","","Approve"
"0x614eaae993fd07970b0cab6f28dd9570e862243b7fc812eaac2578e7cea6ba54","28866312","1744521971","2025-04-13 05:26:11","0x089f28fd56cd67594610c1f32fe1dd52f28416ba","0x0be3ae10ba559eadad46f286ccefa2cffbb5fe0a","","0.000264","0","0.426891700464554","0.000001677284405605","0.00271219239420984","","","","Buy"
"0x87570d7b75a594bb06b45cfd9af35345b2f5717213307b112d5ee6a323b9a453","28866319","1744521985","2025-04-13 05:26:25","0x2095c211def5e734af4e4108a760e8a4bf707845","0x0be3ae10ba559eadad46f286ccefa2cffbb5fe0a","","0","0","0","0.000004949667358187","0.00800368149723616","","","","Approve"
"0x8f1f4cf194daab836be33dd69adb7c31a0c4f47670de77694e3d62a149031697","28866389","1744522125","2025-04-13 05:28:45","0x80b8c9f846df16d02deee062fd7a0a73ad6f2b66","0x0be3ae10ba559eadad46f286ccefa2cffbb5fe0a","","0","0","0","0.000049118029077226","0.0794245415009258","","","","Approve"
"0xb7a2c858a840c829eac6603d7a690d3a174546356e5b216bf992c7f42984bb8a","28866399","1744522145","2025-04-13 05:29:05","0x0ff2a1aa7963cccbc5db0f71cae87aa475650e40","0x0be3ae10ba559eadad46f286ccefa2cffbb5fe0a","","0","0","0","0.000004949666147075","0.00800367953885108","","","","Approve"
"0xe5c84dd119b2dca5e88f071272fb94cf579f55d1903e47ee0ae4fee9c1fc7f4b","28866418","1744522183","2025-04-13 05:29:43","0xd2c0ed42c3d2c251f7fdc1b3bef1f7b3d61776b6","0x0be3ae10ba559eadad46f286ccefa2cffbb5fe0a","","0.0001","0","0.161701401691119","0.000001187127067152","0.00191960110743946","","","","Buy"
"0xadbf2a52305a1f86640716287dc60b59b34ccf653180cd2b85465b1aa78ec96b","28866424","1744522195","2025-04-13 05:29:55","0x75647253d31de219f28a66aa3c1ed310649aa337","0x0be3ae10ba559eadad46f286ccefa2cffbb5fe0a","","0","0","0","0.000000084714208412","0.00013698406243374","","","","Approve"
"0xe923ecd722028cf472b7b0a6f8dd985f1e13dc471c5efc7b7dd7c427651968d3","28866427","1744522201","2025-04-13 05:30:01","0xea060534a161c986ba4372da16abf6e899a399da","0x0be3ae10ba559eadad46f286ccefa2cffbb5fe0a","","0.0000077","0","0.0124510079302162","0.000001656315100691","0.00267828473423902","","","","Buy"
"0x523d903c3c0e79ac1c2154224ba9ad98ace7550be529b8f77726f1d148ab196e","28866489","1744522325","2025-04-13 05:32:05","0xd2c0ed42c3d2c251f7fdc1b3bef1f7b3d61776b6","0x0be3ae10ba559eadad46f286ccefa2cffbb5fe0a","","0.0001","0","0.161701401691119","0.000001064423487781","0.00172118769967137","","","","Buy"
"0x980671a56613b7f5983f246ed4e1d3512a46787b9b3138de2698e82fcee900c2","28866503","1744522353","2025-04-13 05:32:33","0xd2c0ed42c3d2c251f7fdc1b3bef1f7b3d61776b6","0x0be3ae10ba559eadad46f286ccefa2cffbb5fe0a","","0","0","0","0.000001193196862719","0.00192941605195108","","","","Sell"
"0x99eca42b70515fbd56c67f8ac67a30bb702837f1e53cb07fcbe310ac7f6dc7a6","28866526","1744522399","2025-04-13 05:33:19","0x089f28fd56cd67594610c1f32fe1dd52f28416ba","0x0be3ae10ba559eadad46f286ccefa2cffbb5fe0a","","0","0","0","0.000000139277100663","0.000225213024006822","","","","Approve"
"0x5b32e8cd1bd19f7380705118eef2c2ada16f8bdad862316c6032300e287710b1","28866530","1744522407","2025-04-13 05:33:27","0x089f28fd56cd67594610c1f32fe1dd52f28416ba","0x0be3ae10ba559eadad46f286ccefa2cffbb5fe0a","","0","0","0","0.000001673205079101","0.00270559606607331","","","","Sell"
"0xf5dd77d2b7a8aaba9919c302f6fbccdc35d2981f60a259d14c82ad9fea5fa835","28866695","1744522737","2025-04-13 05:38:57","0xf6c472940e7bf8403d5a2dc9648db100725f3a53","0x0be3ae10ba559eadad46f286ccefa2cffbb5fe0a","","0.0001496","0","0.241905296929914","0.000001847350902839","0.0029871923040442","","","","Buy"
"0xefbdd6f747b8205f8938ae8c68d130d3b6512f3d864d7f24b60100235a1b8e1e","28866707","1744522761","2025-04-13 05:39:21","0x92ce203fcdaf6fe66ac69c37f43a41e7eeb26624","0x0be3ae10ba559eadad46f286ccefa2cffbb5fe0a","","0.000063","0","0.101871883065405","0.000001687309034504","0.00272840235965385","","","","Buy"
"0x941f9019d5b818ec71e0e6b295510dc56388952e20009f8eadf74e626ed6436c","28866750","1744522847","2025-04-13 05:40:47","0x648f974131a64630aa7afaccfe92cb4e08268345","0x0be3ae10ba559eadad46f286ccefa2cffbb5fe0a","","0.0006","0","0.970208410146714","0.000001617741659946","0.00261591093987386","","Error(0)","execution reverted","Buy"
"0x07d7191d55d01fbdc700f003745aa83e1584ddbd12aa2419c8730332a5600fd1","28866758","1744522863","2025-04-13 05:41:03","0xc7383cddc65618eef8ab79de06ca55d0bcfd37d2","0x0be3ae10ba559eadad46f286ccefa2cffbb5fe0a","","0.000006","0","0.00970208410146714","0.000000546981622512","0.000884476950594729","","","","Buy"
"0x7812524d1affec1205232c1abb5cd767dfd3d6e1e1ccbc46e41fcc459d6ae6c3","28866762","1744522871","2025-04-13 05:41:11","0x648f974131a64630aa7afaccfe92cb4e08268345","0x0be3ae10ba559eadad46f286ccefa2cffbb5fe0a","","0.0006","0","0.970208410146714","0.000001382036179538","0.00223477187419134","","","","Buy"
"0x259cebeeac4c08fdf93db126dd34b609dffe3cb5eff987c84a38cd523c47ee29","28866848","1744523043","2025-04-13 05:44:03","0x648f974131a64630aa7afaccfe92cb4e08268345","0x0be3ae10ba559eadad46f286ccefa2cffbb5fe0a","","0.0004","0","0.646805606764476","0.000001229764522101","0.00198854646973741","","","","Buy"
"0x4aae3a3fabc77cdd4041c463f9c8e34be4a7fb6c6b86d4df33d73d8fd1b4e5aa","28866935","1744523217","2025-04-13 05:46:57","0x56d2cdceaf4e8e0ab34e89cb91c0038ae21b4694","0x0be3ae10ba559eadad46f286ccefa2cffbb5fe0a","","0.0001","0","0.161701401691119","0.000001099729838606","0.00177827856384138","","","","Buy"
"0x09455b2f094c27f861a1fe0ad7d2608cb0d5820a1e91c57963a3535a91ba3950","28866964","1744523275","2025-04-13 05:47:55","0x100ec07b8009a7aa2121700b4914c725e442f081","0x0be3ae10ba559eadad46f286ccefa2cffbb5fe0a","","0.0006","0","0.970208410146714","0.000001217922731261","0.0019693981279638","","","","Buy"
"0x49e9a1c866fc2c55b888b7275baa16d35d58d4977f6c447c271e3ac62c5475ea","28866974","1744523295","2025-04-13 05:48:15","0xd54a0f572f23b3a1f4f31ccd15c2a3f18bf3d18c","0x0be3ae10ba559eadad46f286ccefa2cffbb5fe0a","","0.0000055","0","0.00889357709301154","0.000000504685036071","0.000816082777452137","","","","Buy"
"0x2eed08ae94c4b1df9663697aba14cec05261556bf2da9d74ae57b18eb4de681b","28867156","1744523659","2025-04-13 05:54:19","0xc2cf8b8cd0f1e24b0966ce417f82136cfe5da38d","0x0be3ae10ba559eadad46f286ccefa2cffbb5fe0a","","0.000006","0","0.00970208410146714","0.000000509940892123","0.000824581570359088","","","","Buy"
"0xd07d08b3c8caa82c211bfbf1a1e40e94f66429d01ca143516eae867a6269730c","28867180","1744523707","2025-04-13 05:55:07","0xe15d90eaf2a3fae51919a8d54002b07e8e0c4322","0x0be3ae10ba559eadad46f286ccefa2cffbb5fe0a","","0.00003115","0","0.0503699866267836","0.000001683064533329","0.00272153894175908","","","","Buy"
"0x9eea2180245bcc849e5b74c689a00b3c39165b5cb3a1c4134d8b299110de00ae","28867188","1744523723","2025-04-13 05:55:23","0x3111327edd38890c3fe564afd96b4c73e8101747","0x0be3ae10ba559eadad46f286ccefa2cffbb5fe0a","","0.001","0","1.61701401691119","0.000001643510943778","0.00265758023303596","","Error(0)","execution reverted","Buy"
"0xa074cca7753de917d28b04f7a8e2e13643c25745a1c4fa8b37afd3f08d4e7eae","28867196","1744523739","2025-04-13 05:55:39","0xc8c1b90d9f7522aab3bd3c51b06d586db51626ad","0x0be3ae10ba559eadad46f286ccefa2cffbb5fe0a","","0","0","0","0.000000189072254672","0.000305732486013626","","","","Approve"
"0x5a5a73499c49d9452cabf8bf5c80a6e0d57ca904a4153042679ae46452fc0abf","28867196","1744523739","2025-04-13 05:55:39","0xd419105ab7d07602cd2e0e2ba81d912db54fc274","0x0be3ae10ba559eadad46f286ccefa2cffbb5fe0a","","0.001011","0","1.63480117109721","0.000001317989697923","0.00213120781568604","","","","Buy"
"0x173bb76a470a2b561789df5e247da0adf0a6adcad2918af45fc59c69a6ce9059","28867200","1744523747","2025-04-13 05:55:47","0x26c8e933049ef7cd5a74317672615e99084e8842","0x0be3ae10ba559eadad46f286ccefa2cffbb5fe0a","","0","0","0","0.000000188896539486","0.00030544835209488","","","","Approve"
"0x4857d7b84410c73c59c29a978af5982d7ba882769dc2777bc470ef0cd14ad2ad","28867200","1744523747","2025-04-13 05:55:47","0x3111327edd38890c3fe564afd96b4c73e8101747","0x0be3ae10ba559eadad46f286ccefa2cffbb5fe0a","","0.001","0","1.61701401691119","0.000001307505712477","0.00211425506426676","","","","Buy"
"0x0a08e493d990fd03b820898b6b4834c4519a842519ab7d9a7e8fc1aa44614c63","28867222","1744523791","2025-04-13 05:56:31","0xa8e5a38dd0f83e83de486b0dd6b800ceb0dce528","0x0be3ae10ba559eadad46f286ccefa2cffbb5fe0a","","0","0","0","0.000004945561941272","0.00799704298053934","","","","Approve"
"0xb66555025a018dce811821041f7226650e49718100581a96d65be3313aa1ac2b","28867229","1744523805","2025-04-13 05:56:45","0x836338488bc582be9e6131d965830f7b8596e0cc","0x0be3ae10ba559eadad46f286ccefa2cffbb5fe0a","","0","0","0","0.000000189326673469","0.000306143884774541","","","","Approve"
"0xa9d82bb2645cd543ab57258572faae5624f4be11b10d4fc1b46ce690c446d8f1","28867238","1744523823","2025-04-13 05:57:03","0x529f0d56eeadd7358bf6bf04e845aca82db8d88c","0x0be3ae10ba559eadad46f286ccefa2cffbb5fe0a","","0","0","0","0.000004945269134988","0.00799656950867387","","","","Approve"
"0x0952eaceedc8a52bd1a09b3e53d5928bcb8fe75166cd8a943c87efa71c6c402f","28867250","1744523847","2025-04-13 05:57:27","0xf2d3271ab06b1d7f00c923be5b02eb17347a804d","0x0be3ae10ba559eadad46f286ccefa2cffbb5fe0a","","0","0","0","0.000000189107717066","0.000305789829201797","","","","Approve"
"0x8c71bfce2e6bfd2241c141e12a69a6290060ca10d4fc54ee863d1f121502d267","28867274","1744523895","2025-04-13 05:58:15","0xe15d90eaf2a3fae51919a8d54002b07e8e0c4322","0x0be3ae10ba559eadad46f286ccefa2cffbb5fe0a","","0","0","0","0.000000141289364016","0.000228466882054339","","","","Approve"
"0x85b4bb99621aeec508e58ce24fb431359f36ad49f36aa8586e6e98fa3d636d0b","28867278","1744523903","2025-04-13 05:58:23","0xe15d90eaf2a3fae51919a8d54002b07e8e0c4322","0x0be3ae10ba559eadad46f286ccefa2cffbb5fe0a","","0","0","0","0.000001854344071078","0.00299850035510929","","","","Sell"
"0x32f4fad00d40d67d5e9881fdea405fe4487b18a5cd5a817d1b4ac7e76aaf5994","28867317","1744523981","2025-04-13 05:59:41","0xc9bcf779c37022dfaec9c3ac1f7801c60d2f1b17","0x0be3ae10ba559eadad46f286ccefa2cffbb5fe0a","","0","0","0","0.000000043823985041","0.0000708639980882033","","","","Approve"
"0x612e5c73fe2d062dc96df83a97d925d9f0af90299c742a50214f2fa8e0bb8c04","28867320","1744523987","2025-04-13 05:59:47","0xc9bcf779c37022dfaec9c3ac1f7801c60d2f1b17","0x0be3ae10ba559eadad46f286ccefa2cffbb5fe0a","","0","0","0","0.000000570892780127","0.000923141627618757","","","","Sell"
"0x2704fe2b44f477a345c0c36b10e43c5550eee89c4395b68c3b8cd5fecda503c7","28867352","1744524051","2025-04-13 06:00:51","0x2479f6c9fcf3a769dc45ff60cd4de7099318589d","0x0be3ae10ba559eadad46f286ccefa2cffbb5fe0a","","0.0001346","0","0.217650086676246","0.000001852201183247","0.00299503527544989","","","","Buy"
"0xdbbe6e8f4a73cc4f8693ee82884d77e44a3ec5ca7a18e3a0de2ab360826cc2d2","28867491","1744524329","2025-04-13 06:05:29","0x2479f6c9fcf3a769dc45ff60cd4de7099318589d","0x0be3ae10ba559eadad46f286ccefa2cffbb5fe0a","","0","0","0","0.000000142569029024","0.000230536118309226","","","","Approve"
"0xb878a155dd5b89d460759e0ffd957cfd7a5685120803bb5ff126f380491daa6a","28867494","1744524335","2025-04-13 06:05:35","0x2479f6c9fcf3a769dc45ff60cd4de7099318589d","0x0be3ae10ba559eadad46f286ccefa2cffbb5fe0a","","0","0","0","0.000001719267575485","0.00278007976838016","","","","Sell"
"0x11aed4f7d1a1feb07a9d8da96fa8131e0fda1adc0edf87b8240a00fa4c40e302","28867564","1744524475","2025-04-13 06:07:55","0x114a5e0eec59b475e3e76c370bc73a1ddba6750e","0x0be3ae10ba559eadad46f286ccefa2cffbb5fe0a","","0.000004","0","0.00646805606764476","0.00000052842899011","0.000854477083950095","","","","Buy"
"0x8f74a5d1c55144d5aec62e1a74120d9dda37df2f9c1157b5d95ca6963346cf0d","28867573","1744524493","2025-04-13 06:08:13","0x176987a76d999bf117377aaaa6c2e54c44fcf6f7","0x0be3ae10ba559eadad46f286ccefa2cffbb5fe0a","","0","0","0","0.000001392552943853","0.00225177762950124","","","","Sell"
"0x4fa83ac666b40cfa7a72d50f42472c656d93ca5685c460d71021c31bb8a5cb70","28867644","1744524635","2025-04-13 06:10:35","0xfa24d8d9baf6041ba1ffeabd6c42cd012eb87301","0x0be3ae10ba559eadad46f286ccefa2cffbb5fe0a","","0.000006","0","0.00970208410146714","0.000000529361476359","0.000855984927285304","","","","Buy"
"0x65eee5e1ab1ccf207e3771cd803ccebc6747544538909ca85ddeeba451b6279d","28867646","1744524639","2025-04-13 06:10:39","0xe162ec2cdcfb156cdc71e118cb791a617b3509be","0x0be3ae10ba559eadad46f286ccefa2cffbb5fe0a","","0.0007683","0","1.24235186919287","0.000001722684975621","0.00278560575230147","","","","Buy"
"0x30ad6718d78d00f8616860455dacf004ac3f079f0dad05c170b57a3e4cdf2443","28867706","1744524759","2025-04-13 06:12:39","0xe9a93259a588ddc5253d2a79cbc8d0f45fe925c1","0x0be3ae10ba559eadad46f286ccefa2cffbb5fe0a","","0.0000078","0","0.0126127093319073","0.000001694576818025","0.00274015446747919","","","","Buy"
"0xe01f8a29546b80e6e6c803178c9de55c597d17a3abdf02878ba3e07af4c97f54","28867740","1744524827","2025-04-13 06:13:47","0xf352565cc76322a0b3f5fb5831eefe33954c569a","0x0be3ae10ba559eadad46f286ccefa2cffbb5fe0a","","0.00043","0","0.695316027271812","0.00000171160683646","0.00276769224599684","","","","Buy"
"0x24c0647ef9450fdc55ee09a88ee465c4a926ba035fcd2ebbcef60be7d55aab08","28867768","1744524883","2025-04-13 06:14:43","0xba9d6c08067df2d9c07fb7da6ee13add8fac260c","0x0be3ae10ba559eadad46f286ccefa2cffbb5fe0a","","0","0","0","0.000004951752365388","0.00800705298310554","","","","Approve"
"0x006fca6a87a19d2ed4443d9918ba16246264896553bfc474d757401ca5dc8f96","28867819","1744524985","2025-04-13 06:16:25","0x6777ccf932842e9701c48e40539a4fb559f0aa7f","0x0be3ae10ba559eadad46f286ccefa2cffbb5fe0a","","0.0002906","0","0.469904273314392","0.000001702887085077","0.00275359228578655","","","","Buy"
"0xcac507d2cd5f8e31f0360449d5adc851694128d400e72dfd11827d92f8594ffe","28867986","1744525319","2025-04-13 06:21:59","0xe97fc92ae8a60b0512923a97ae340d7de8887542","0x0be3ae10ba559eadad46f286ccefa2cffbb5fe0a","","0.00000639","0","0.0103327195680625","0.000001662819854701","0.00268880301264975","","","","Buy"
"0x4f37f61b6d07c3148b8b70af9a6d078c18b7b7dde5e0ccd5c2688b4710f777e3","28868084","1744525515","2025-04-13 06:25:15","0xd419105ab7d07602cd2e0e2ba81d912db54fc274","0x0be3ae10ba559eadad46f286ccefa2cffbb5fe0a","","0","0","0","0.0000011491017869","0.001858113696275","","","","Sell"
"0xa645500561c63e4432c1bfac73dc73c8f29c0c7ec94051848bcc2885ef76df6f","28868266","1744525879","2025-04-13 06:31:19","0xcbe709daf323d7c2acaaad6a78ad83caab2be80d","0x0be3ae10ba559eadad46f286ccefa2cffbb5fe0a","","0.004","0","6.46805606764476","0.000001441952840579","0.00233165795494115","","","","Buy"
"0xeef1869eb1c9148fa28900e6e093a28b9a18490c785663254f67d92993e8c94a","28868413","1744526173","2025-04-13 06:36:13","0x5530906b9168235238164bc8b83d17c375067990","0x0be3ae10ba559eadad46f286ccefa2cffbb5fe0a","","0.012","0","19.4041682029343","0.000001706009526722","0.0027586413176935","","","","Buy"
"0x8573ef634321d4065b891526904e1006e633a5547ef7dadd39f3aaf821967af3","28868479","1744526305","2025-04-13 06:38:25","0x4df83971f6f1bfd8d33a2e79584bdfde75f4df60","0x0be3ae10ba559eadad46f286ccefa2cffbb5fe0a","","0.001","0","1.61701401691119","0.000001158997506527","0.00187411521361928","","","","Buy"
"0x5f9a2767f4f8cbefd2dc3c7d8d7102ed1f2a88d425d7d50648f00a70c968f689","28868611","1744526569","2025-04-13 06:42:49","0x9d1a5adc935d0e512a983691f9d724086bbc992c","0x0be3ae10ba559eadad46f286ccefa2cffbb5fe0a","","0.0001","0","0.161701401691119","0.000001154282080935","0.00186649030434131","","","","Buy"
"0xdd9d748b413cb1e66041418b9570fdd8e3e5d23ceccaf8092792ebcdef7055a4","28868642","1744526631","2025-04-13 06:43:51","0x69d0fc14f27c68992ef863b676e974355edb2a13","0x0be3ae10ba559eadad46f286ccefa2cffbb5fe0a","","0.000066","0","0.106722925116139","0.00000128057900338","0.00207071419822762","","","","Buy"
"0xd8683e80a3de4432f371990a05644b7f998d99eb1d3450f2e1e7c0514c3f5bb3","28868666","1744526679","2025-04-13 06:44:39","0x62849695ef7c4475207bf5fd754f490b66e83b6d","0x0be3ae10ba559eadad46f286ccefa2cffbb5fe0a","","0","0","0","0.000001005179356463","0.00162538910891044","","","","Sell"
"0x9c34001f3b8017d05f87797ba02d329a50a2a6c308020c6e7f58b403f248c104","28868675","1744526697","2025-04-13 06:44:57","0xa860b0b9998a1128a4b1057e10b3637290073d57","0x0be3ae10ba559eadad46f286ccefa2cffbb5fe0a","","0","0","0","0.000000043612436247","0.0000705219207230447","","","","Approve"
"0xfc641c134364bdeefaa65343fbafac2279fc11d2fbbf9e1316b7fcdd1d3d43c5","28868678","1744526703","2025-04-13 06:45:03","0xa860b0b9998a1128a4b1057e10b3637290073d57","0x0be3ae10ba559eadad46f286ccefa2cffbb5fe0a","","0","0","0","0.0000005073388608","0.000820374049237355","","","","Sell"
"0x063c91510bcc2ffa20d2886aa5a58ad47868698539f532f50d00374c167f578b","28868702","1744526751","2025-04-13 06:45:51","0x47f5df028b96971940f8241f3b2b1f61521c02a9","0x0be3ae10ba559eadad46f286ccefa2cffbb5fe0a","","0","0","0","0.00000009762330825","0.000157858257817492","","","","Approve"
"0xa87335c249b0659a79bf69476b59d3a51625021bd1c53dedae05c26a24d6717b","28868732","1744526811","2025-04-13 06:46:51","0x0328c1e114d0c04bb6f341e2c577c1989ca5e427","0x0be3ae10ba559eadad46f286ccefa2cffbb5fe0a","","0.000751","0","1.2143775267003","0.000001860604592577","0.00300862370612634","","","","Buy"
"0x5252c29a2d774c139cb87d0e2e8e7ee4c3ad1e4687ecbee4fd82ce0f2ffe8b21","28868763","1744526873","2025-04-13 06:47:53","0x65d17f2ccf9c94108e4e0fc90ea5b65bd79ef7c8","0x0be3ae10ba559eadad46f286ccefa2cffbb5fe0a","","0","0","0","0.000001158603861436","0.00187347868398944","","","","Sell"
"0x538aeefe509b74e57ed126b9ca5bb7b4af747099817759a6a199a387d28f6d0a","28868765","1744526877","2025-04-13 06:47:57","0x56ef923bb379d9101e00aa971533656cac66a9dc","0x0be3ae10ba559eadad46f286ccefa2cffbb5fe0a","","0.00001","0","0.0161701401691119","0.000001109407794999","0.00179392795498392","","","","Buy"
"0xe75b1046e66b4c4b2c165dbba7c957f6a72a9cf428c4f438bf010be8c907cd67","28868877","1744527101","2025-04-13 06:51:41","0x35844d5b46be1dc80c3375f823a51676cff03754","0x0be3ae10ba559eadad46f286ccefa2cffbb5fe0a","","0","0","0","0.00000009364021396","0.000151417538519883","","","","Approve"
"0x3d6d882c69d5acb9d46404cb3361e3c276a05bc10f45d6373a9ef99f33c2a9ce","28868915","1744527177","2025-04-13 06:52:57","0x30b93e2faad091b4ee3bb436f414a0f99418eb42","0x0be3ae10ba559eadad46f286ccefa2cffbb5fe0a","","0.000001","0","0.00161701401691119","0.000001165140893604","0.0018840491566341","","","","Buy"
"0xa3b684b03ffa9c501babbca8bac4d9133e7e535c65dd218fbdcf40ff3cb77ceb","28868944","1744527235","2025-04-13 06:53:55","0x878439b66760e2f33d954cd7405a8e5e7fc54fb2","0x0be3ae10ba559eadad46f286ccefa2cffbb5fe0a","","0.00000223","0","0.00360594125771195","0.000001493891281863","0.0024156431425139","","","","Buy"
"0x4d3d496dedcb30cafdf58127a11fec8a956130eea8e50153114a4e00cd1c0e0f","28869071","1744527489","2025-04-13 06:58:09","0xec645126aad586aa28161d52fb43eac07ea9f55b","0x0be3ae10ba559eadad46f286ccefa2cffbb5fe0a","","0.0005","0","0.808507008455595","0.000001190114853625","0.00192443240004583","","","","Buy"
"0xf9d51d1a01dfae8c18e89647a380c0a0ac54b6193a8a45da60bd9bc7ac24ff7b","28869138","1744527623","2025-04-13 07:00:23","0x0214f4d4716b24362f605f5addde902049b3a3dc","0x0be3ae10ba559eadad46f286ccefa2cffbb5fe0a","","0.0014","0","2.26381962367567","0.000001272410286093","0.00205750526787436","","","","Buy"
"0xeb4008afc2f73ccf6b68959e2364fe505f5d670979234227be3fd4ff517a9f1d","28869215","1744527777","2025-04-13 07:02:57","0x67963733b821a5a68528e04e46c768026d66b346","0x0be3ae10ba559eadad46f286ccefa2cffbb5fe0a","","0.00000011","0","0.000177871541860231","0.000001229194683623","0.00198762503293111","","","","Buy"
"0x983b52ea7b8bdba1a41ede26aee629a95af3e4416281bbdf3b6572a61eeebc40","28869751","1744528849","2025-04-13 07:20:49","0x5209b5a20f33bf26ffb051139d1a5fbe70bd6eb3","0x0be3ae10ba559eadad46f286ccefa2cffbb5fe0a","","0.00003","0","0.0485104205073357","0.000001250057151221","0.00202135993546443","","","","Buy"
"0x6bb44e8a2037c8aa2c461de800255599781f4c1dcc63bdc97d56f4194b87e0c4","28869878","1744529103","2025-04-13 07:25:03","0x70fd43cc66e713f03374abf0c9a1123f4c409716","0x0be3ae10ba559eadad46f286ccefa2cffbb5fe0a","","0.00044","0","0.711486167440924","0.000001757010856159","0.00284111118227423","","","","Buy"
"0x0aa5e8c8d87b1dba07fa2c5874935dbdd437bc90440b1d78b00f150a80b65a3f","28869925","1744529197","2025-04-13 07:26:37","0xc85fcc44005a1d24142c6b347a0256b5e9306c10","0x0be3ae10ba559eadad46f286ccefa2cffbb5fe0a","","0.001","0","1.61701401691119","0.000001242544107719","0.00200921123881203","","","","Buy"
"0xd448241836e123021f38513d13ead2208866ca4fd37c4d52e558e65f72aa06c1","28869941","1744529229","2025-04-13 07:27:09","0x70fd43cc66e713f03374abf0c9a1123f4c409716","0x0be3ae10ba559eadad46f286ccefa2cffbb5fe0a","","0.000433","0","0.700167069322545","0.000001705275663361","0.00275745465035226","","","","Buy"
"0x215e42b31fa79226939e7589a2d246500c0c6129d3b9c25db19b4b482984af45","28869968","1744529283","2025-04-13 07:28:03","0x09d500af3bc7ec6a074403785a4f10bd1876b1b6","0x0be3ae10ba559eadad46f286ccefa2cffbb5fe0a","","0","0","0","0.000001173454132953","0.00189749178118737","","","","Sell"
"0x42ca66d4bfbfd7b5eea18e68d1c93bb581e07edf9a2e78639fd89204e4f04bb8","28870010","1744529367","2025-04-13 07:29:27","0x1466f5596c439142b6f39723eed27c117a97f8ed","0x0be3ae10ba559eadad46f286ccefa2cffbb5fe0a","","0.01","0","16.1701401691119","0.000001126145985555","0.0018209938437307","","","","Buy"
"0xb10c2da1fd62210f37a0ec0bddf75a4f44b9d9c4a642daf42de3df5048589b56","28870062","1744529471","2025-04-13 07:31:11","0x1466f5596c439142b6f39723eed27c117a97f8ed","0x0be3ae10ba559eadad46f286ccefa2cffbb5fe0a","","0","0","0","0.000001108772513835","0.00179290069643705","","","","Sell"
"0xcf9d1099693a8cd6e2279b4f50cf201426a946bcd45a5d375c04a318a34a95b7","28870180","1744529707","2025-04-13 07:35:07","0x09d500af3bc7ec6a074403785a4f10bd1876b1b6","0x0be3ae10ba559eadad46f286ccefa2cffbb5fe0a","","0","0","0","0.000001381689925276","0.00223421197619627","","","","Sell"
"0x3c521a43f28a69ec32f3a95840394d6d17535186e74ea9dfbb1001f9647893b3","28870198","1744529743","2025-04-13 07:35:43","0x70fd43cc66e713f03374abf0c9a1123f4c409716","0x0be3ae10ba559eadad46f286ccefa2cffbb5fe0a","","0","0","0","0.000000144819675795","0.000234175445685049","","","","Approve"
"0x61074bfac978cbee68af2e1920d1e024ca99b551c3990560e4a8fce3bd67a8b8","28870201","1744529749","2025-04-13 07:35:49","0x70fd43cc66e713f03374abf0c9a1123f4c409716","0x0be3ae10ba559eadad46f286ccefa2cffbb5fe0a","","0","0","0","0.000001742379048688","0.00281745134450088","","","","Sell"
"0xe362470e4db6b1aa92094e03271f5b7f4dbe96840673a089d6a0cf192974ed67","28870257","1744529861","2025-04-13 07:37:41","0xe926ae85a81678578ce602ffefd41bb78e7fd31f","0x0be3ae10ba559eadad46f286ccefa2cffbb5fe0a","","0.000537","0","0.868336527081309","0.000001755453312209","0.00283859261187513","","","","Buy"
"0x577d421751e5802a4dc2931be277162108dff292164fede74dffdb2cef0657d4","28870293","1744529933","2025-04-13 07:38:53","0xe926ae85a81678578ce602ffefd41bb78e7fd31f","0x0be3ae10ba559eadad46f286ccefa2cffbb5fe0a","","0","0","0","0.000000145604914255","0.000235445187281487","","","","Approve"
"0x286402e822cf6fd564ce23f135cab8dcc716653d1ac2c834c8fd37f23af783dc","28870297","1744529941","2025-04-13 07:39:01","0xe926ae85a81678578ce602ffefd41bb78e7fd31f","0x0be3ae10ba559eadad46f286ccefa2cffbb5fe0a","","0","0","0","0.000001788907063019","0.00289268779585315","","","","Sell"
"0x42898f36c2dddacb213e7fe65637dabd0f0ad89a5a2c6816362444cbbdf8872d","28870318","1744529983","2025-04-13 07:39:43","0x04d15a9588e43796ef4cbd6baa76da2f7c77e0b9","0x0be3ae10ba559eadad46f286ccefa2cffbb5fe0a","","0.00066","0","1.06722925116139","0.000001757428239528","0.00284178609703233","","","","Buy"
"0x4cb219f10d1bf476e2430a5f015800576153671a76e0f1065c8e88fd60797b0b","28870354","1744530055","2025-04-13 07:40:55","0xe802aef0302999a1fd67cd0b7b9c3c7ec147a11f","0x0be3ae10ba559eadad46f286ccefa2cffbb5fe0a","","0.0000054","0","0.00873187569132043","0.000001738068398207","0.0028104809622511","","","","Buy"
"0xc3c043e4c2e767f5a8d8f71ad5918877a78fe04768bdae0201ce02f284d2b726","28870382","1744530111","2025-04-13 07:41:51","0x09d500af3bc7ec6a074403785a4f10bd1876b1b6","0x0be3ae10ba559eadad46f286ccefa2cffbb5fe0a","","0","0","0","0.000001330019563503","0.00215066027695045","","","","Sell"
"0xbcbb2892800e125c39df9c9aa059ebe2ec1886e188f6b98b4eaea4a67ee8c03d","28870477","1744530301","2025-04-13 07:45:01","0x089f28fd56cd67594610c1f32fe1dd52f28416ba","0x0be3ae10ba559eadad46f286ccefa2cffbb5fe0a","","0.0004281","0","0.69224370063968","0.000001737580618641","0.00280969221585571","","","","Buy"
"0x7486863dd22e1e5ceb31327a28982b2d7ed43027523d5cc1c6920d42e17bae04","28870492","1744530331","2025-04-13 07:45:31","0x3c43dfc3ea7eeb8536d0cd88a540a66c9c393bed","0x0be3ae10ba559eadad46f286ccefa2cffbb5fe0a","","0.0002","0","0.323402803382238","0.00000179096079241","0.00289600870506534","","","","Buy"
"0x91a505a71a6ab5ba37260bfe9a69b35f5abf5ec74411f12599331964ade0e9e2","28870579","1744530505","2025-04-13 07:48:25","0x089f28fd56cd67594610c1f32fe1dd52f28416ba","0x0be3ae10ba559eadad46f286ccefa2cffbb5fe0a","","0","0","0","0.000000098120402686","0.000158662066488232","","","","Approve"
"0x1518f948e953c6728617ded9dbbc47449f71f5e864e05db3a1418d11e7e72c65","28870583","1744530513","2025-04-13 07:48:33","0x089f28fd56cd67594610c1f32fe1dd52f28416ba","0x0be3ae10ba559eadad46f286ccefa2cffbb5fe0a","","0","0","0","0.000001807373289192","0.00292254794241435","","","","Sell"
"0x1b52bab9a026da43b882f490f55c92f3e7b0f4f7e129ff15e8dd54626e0efa72","28870690","1744530727","2025-04-13 07:52:07","0xbb86d5181780ebf2dfb9fec6a57b675155523527","0x0be3ae10ba559eadad46f286ccefa2cffbb5fe0a","","0.0001","0","0.161701401691119","0.000001260346407425","0.00203799780696989","","","","Buy"
"0xaf90dd4e132945c3ad51e316f41065868da0464500cdbcb5bf707d01f944a888","28870723","1744530793","2025-04-13 07:53:13","0x3c43dfc3ea7eeb8536d0cd88a540a66c9c393bed","0x0be3ae10ba559eadad46f286ccefa2cffbb5fe0a","","0","0","0","0.000000150251463378","0.000242958722343644","","","","Approve"
"0x914c6bac0ee24679d208dd2677ea58d02733740e1ef3558274b9842f96ba1a1a","28870727","1744530801","2025-04-13 07:53:21","0x3c43dfc3ea7eeb8536d0cd88a540a66c9c393bed","0x0be3ae10ba559eadad46f286ccefa2cffbb5fe0a","","0","0","0","0.000001809904833534","0.00292664148509979","","","","Sell"
"0x79629a725014263cc5cc4e57118575ae9caca7e8c60f51f1950ed6caada4e294","28870829","1744531005","2025-04-13 07:56:45","0x089f28fd56cd67594610c1f32fe1dd52f28416ba","0x0be3ae10ba559eadad46f286ccefa2cffbb5fe0a","","0.0004079","0","0.659580017498074","0.000001775614271799","0.00287119316612654","","","","Buy"
"0xb575208f9ef5fd1bdafb8e7b546efb7fb49044c8bf41e6d73518ac0cd1c1dbeb","28870877","1744531101","2025-04-13 07:58:21","0x97fcaeb57b92fa75ca1a55de210a4c724ce9dcf6","0x0be3ae10ba559eadad46f286ccefa2cffbb5fe0a","","0.00053","0","0.857017428962931","0.000001811441387528","0.00292912611444583","","","","Buy"
"0xd774331b8c509bfd6b5c8c753b90c7a269685f6ff3d44d745bfcc51643afc218","28871007","1744531361","2025-04-13 08:02:41","0x97fcaeb57b92fa75ca1a55de210a4c724ce9dcf6","0x0be3ae10ba559eadad46f286ccefa2cffbb5fe0a","","0.0007515","0","1.21518603370876","0.000001754862080138","0.00283763658132907","","","","Buy"
"0x91b4efe680b42afb6f86523470d7eeb373f588d04d96bda35983c07ba7ad3a7a","28871033","1744531413","2025-04-13 08:03:33","0xb538c40e83fcf2fe2b0bf72e1cfc037a0aab9175","0x0be3ae10ba559eadad46f286ccefa2cffbb5fe0a","","0","0","0","0.000001781096109031","0.00288005737376911","","","","Sell"
"0x56463c02b11fc735bedcd68e6245e757d07bdf3758fbf27914470d1fa652db63","28871045","1744531437","2025-04-13 08:03:57","0x97fcaeb57b92fa75ca1a55de210a4c724ce9dcf6","0x0be3ae10ba559eadad46f286ccefa2cffbb5fe0a","","0","0","0","0.00000015012697876","0.000242757428971449","","","","Approve"
"0x3691eef5c73b9a8c301f2f2d4f9c2c72baddd37b861b3c549bee95e4305ca69d","28871048","1744531443","2025-04-13 08:04:03","0x97fcaeb57b92fa75ca1a55de210a4c724ce9dcf6","0x0be3ae10ba559eadad46f286ccefa2cffbb5fe0a","","0","0","0","0.000001841624659399","0.00297793288813748","","","","Sell"
"0x15339e0d0f7856f5dff9fa2d09e89e58f67fbc407be3b20233436963b4eeec6e","28871247","1744531841","2025-04-13 08:10:41","0x69dbf76cc86cf9dc3c43177a44e4d7953fca4a7d","0x0be3ae10ba559eadad46f286ccefa2cffbb5fe0a","","0.00001","0","0.0161701401691119","0.000001197836415969","0.00193691827458854","","","","Buy"
"0x22902559c02849f047653247dff900963f8b6534d7c8aa42b80d70b38ceab37c","28871306","1744531959","2025-04-13 08:12:39","0x6c717198261b01a90eb66778c8448d30022321b3","0x0be3ae10ba559eadad46f286ccefa2cffbb5fe0a","","0.0001","0","0.161701401691119","0.000001543701316678","0.00249618666699259","","","","Buy"
"0x5aff0e3a63a8920593781bb0af1780bcceb62836ca7d294165a9c19b72624514","28871335","1744532017","2025-04-13 08:13:37","0x30a178d4220b7a22d94c290a8f909cd6f664a0cd","0x0be3ae10ba559eadad46f286ccefa2cffbb5fe0a","","0.0006791","0","1.09811421888439","0.000001797877630587","0.00290719332935026","","","","Buy"
"0x7159e24e6c462a0f7060288afc70f21fd9d8d7eb11b6604af1b365c3782cd2fe","28871368","1744532083","2025-04-13 08:14:43","0xceb8afb94d4ac8b463f3db9a8f3c88fab78a00ee","0x0be3ae10ba559eadad46f286ccefa2cffbb5fe0a","","0","0","0","0.000001253680463276","0.00202721888184501","","","","Sell"
"0xf91e61e9a14e0008b7713f3b88e50c68b3313079b48b7ae47337465594ba9a36","28871671","1744532689","2025-04-13 08:24:49","0x3f20269d703deac57153506d876dc9a22f17f22a","0x0be3ae10ba559eadad46f286ccefa2cffbb5fe0a","","0.002","0","3.23402803382238","0.000001182735359759","0.0019124996550268","","","","Buy"
"0xf66d111d81b73b8abb5386d392807310c86facec25cda73119c5275ccc78f57d","28871846","1744533039","2025-04-13 08:30:39","0x9e602c1920443f01cb100a57a7f894df8eb42f66","0x0be3ae10ba559eadad46f286ccefa2cffbb5fe0a","","0.00011","0","0.177871541860231","0.000001222863012891","0.001977386632607","","","","Buy"
